SET NAMES utf8;
SET time_zone = '+00:00';
SET foreign_key_checks = 0;
SET sql_mode = 'NO_AUTO_VALUE_ON_ZERO';

INSERT INTO `directory` (`id`, `name`, `code`)
VALUES (1, 'Kořen adresáře', '_root'),
       (2, 'FYKOS', 'fykos'),
       (3, 'Výfuk', 'vyfuk'),
       (4, 'Korespondenční seminář', 'seminar'),
       (5, 'Fyziklání online', 'fyziklani_online'),
       (6, 'Fyziklání', 'fyziklani'),
       (7, '35. ročník', '35'),
       (8, NULL, '1'),
       (9, NULL, '2'),
       (10, NULL, '3'),
       (11, NULL, '4'),
       (12, NULL, '5'),
       (13, NULL, '6');

INSERT INTO `directory_structure` (`id`, `parent_directory_id`, `child_directory_id`)
VALUES (1, 1, 2),
       (2, 1, 3),
       (3, 2, 4),
       (4, 2, 5),
       (5, 2, 6),
       (6, 4, 7),
       (7, 7, 8),
       (8, 7, 9),
       (9, 7, 10),
       (10, 7, 11),
       (11, 7, 12),
       (12, 7, 13);

INSERT INTO `topic` (`id`, `code`)
VALUES (1, 'Kinematika'),
       (2, 'Dynamika hmotného bodu'),
       (3, 'Dynamika tuhého tělesa'),
       (4, 'Stabilita'),
       (5, 'Mechanika tekutin'),
       (6, 'Tření a odpor prostředí'),
       (7, 'Pružnost'),
       (8, 'Kmitání'),
       (9, 'Akustika'),
       (10, 'Termodynamika'),
       (11, 'Pravděpodobnost a statistika'),
       (12, 'Geometrická optika'),
       (13, 'Vlnová optika'),
       (14, 'Záření'),
       (15, 'Elektrické obvody'),
       (16, 'Elektrostatika'),
       (17, 'Elektromagnetické pole'),
       (18, 'Relativita'),
       (19, 'Jaderná a částicová fyzika'),
       (20, 'Astronomie a astrofyzika'),
       (21, 'Matematika'),
       (22, 'Chemie a kvantová fyzika'),
       (23, 'Ostatní přírodní vědy'),
       (24, 'Nezařazeno');

INSERT INTO `topic_localized_data` (`id`, `topic_id`, `language`, `title`, `description`)
VALUES (1, 1, 'cs', 'Kinematika',
        'Pokud v úloze figuruje pouze popis pohybu (poloha, rychlost, zrychlení ...), ale nezajímáme se o síly, které pohyb způsobují. Kinematika tuhého tělesa nemá samostatnou kategorii, protože takových úloh je fakt málo.'),
       (2, 2, 'cs', 'Dynamika hmotného bodu',
        'Zajímáme se o translační pohyb tělesa a řešíme jeho příčiny. Patří sem také srážky a věci jako zákon zachování energie a zákon zachování hybnosti. Dále sem patří zákon zachování momentu hybnosti, pokud jej aplikujeme na obíhající hmotný bod (nikoli na rotující těleso). V případě, že řešíme pohyb planet, Keplerovy zákony a tak, je lepší sem dát ještě kategorii Astronomie a Astrofyzika.'),
       (3, 3, 'cs', 'Dynamika tuhého tělesa',
        'Zajímáme se o rotační pohyb tělesa a řešíme jeho příčiny. Pohyb po kružnici a podobné věci sem nepatří, pokud obíhají skutečně jen hmotné body.'),
       (4, 4, 'cs', 'Stabilita',
        'Těleso se zpravidla nepohybuje, ale zajímá nás, při jakém silovém působení se převrátí nebo tak. Patří sem i hledání minima potenciálu. Nepatří sem vyšetřování spojitosti řešení diferenciální rovnice vzhledem k počátečním podmínkám (to patří do kategorie Matematika).'),
       (5, 5, 'cs', 'Mechanika tekutin',
        'Tekutiny jsou kapaliny a plyny. Řešíme věci jako Archimédův zákon, Bernoulliova rovnice, rovnice kontinuity, Navier-Stokes. Lze sem zařadit i zřejmě mechanické úlohy, které nijak neřeší přenosy tepla, přičemž využívají stavovou rovnici jen jako mechanickou rovnováhu (p_1V_1 = p_2V_2).'),
       (6, 6, 'cs', 'Tření a odpor prostředí',
        'Mechanické úlohy, kde se nezachovává energie. Třecí síla, Stokesův a Nevtonův vzorec pro odporovou sílu.'),
       (7, 7, 'cs', 'Pružnost',
        'Mechanické úlohy, ve kterých těleso není tuhé. Převážně úlohy s pružinkami, ale patří sem i Hookův zákon pro obecné deformace tělesa.'),
       (8, 8, 'cs', 'Kmitání',
        'Jakékoli oscilace, zejména pak LHO, struny a RLC obvody. Úlohy se zvukem nebo elektromagnetickým zářením, kde fakt nejde o to kmitání, sem ale spíš nepatří.'),
       (9, 9, 'cs', 'Akustika',
        'Šíření zvukových vln v prostředí, Dopplerův zákon, intenzita zvuku, co znamená decibel.'),
       (10, 10, 'cs', 'Termodynamika',
        'Přenos tepla v prostředí, kalorimetrická rovnice, děje s ideálním plynem (pokud je v nich důležité to, že se přenáší teplo). Dále sem patří veškerá statistická fyzika.'),
       (11, 11, 'cs', 'Pravděpodobnost a statistika',
        'Neplést se statistickou fyzikou. Pokud je tam už náročná matematika, zvážit i tag Matematika.'),
       (12, 12, 'cs', 'Geometrická optika',
        'Pokud se světlo šíří ve formě paprsků - Snellův zákon, čočky, zrcadla, zobrazovací rovnice.'),
       (13, 13, 'cs', 'Vlnová optika', 'Pokud nás zajímají vlnové vlastnosti světla - interference, difrakce.'),
       (14, 14, 'cs', 'Záření',
        'Kvantové vlastnosti světla, záření černého tělesa - Planckův vyzařovací zákon, Stefan-Boltzmannův zákon. Intenzita světla a jiné fotometrické či bolometrické veličiny. Popis šíření záření v prostoru, i když jde o záření neelekromagnetické povahy, například radiaci.'),
       (15, 15, 'cs', 'Elektrické obvody',
        'Pokud studujeme oscilace střídavého obvodu, ještě by se sem dala dát kategorie Kmitání.'),
       (16, 16, 'cs', 'Elektrostatika',
        'Rozložení nábojů v čase je konstantní. Neplést s konstantním magnetickým polem, to patří do kategorie Elektromagnetické pole.'),
       (17, 17, 'cs', 'Elektromagnetické pole',
        'Všechno s elektřinou, co nejsou obvody nebo elektrostatika. Světlo sem patří jen tehdy, pokud je skutečně zásadní že se jedná o pole E a B.'),
       (18, 18, 'cs', 'Relativita', 'Pokud je nutné nezanedbat relativistické efekty.'),
       (19, 19, 'cs', 'Jaderná a částicová fyzika',
        'Pokud se částice jen sráží, ale neprobíhají mezi nimi žádné reakce, tak to spíš bude Kinematika nebo Dynamika hmotného bodu.'),
       (20, 20, 'cs', 'Astronomie a astrofyzika',
        'Všechno, co se děje ve vesmíru a obecně i úlohy, ve kterých je nutné řešit rozestavení těles ve Sluneční soustavě. Přitom je vhodné přidat i další kategorie, aby bylo jasnější, o jaký druh vesmírné fyziky se jedná.'),
       (21, 21, 'cs', 'Matematika',
        'Cokoli, kde je jen minimum fyziky, přičemž se to velmi rychle redukuje na alespoň trochu zajímavý matematický problém (typicky difku). Dále je tento tag možné přiřadit k úlohám, které sice jsou fyzikální, ale vyskytuje se v nich pokročilá matematika (alespoň složité difky). V případě, že použitá matematika není nijak složitá a zároveň řešíme jen pravděpodobnostní problém, je lepší dát pouze tag Pravděpodobnost a statistika.'),
       (22, 22, 'cs', 'Chemie a kvantová fyzika',
        'Chemické rovnice a kvantové efekty. Nejspíš bude vhodné dát i nějaký další tag, protože tohle zasahuje do skoro všech ostatních témat. To, že se v úloze vyskytuje chemický vzorec, ještě neznamená, že sem patří - například pokud jím jen udáme, o jaký materiál se jedná.'),
       (23, 23, 'cs', 'Ostatní přírodní vědy',
        'Ostatní znamená i výše nezmíněné části fyziky - například geologie a tak. Opět, pokud je to jen trochu možné, chtělo by to i nějakou další kategorii. Nedávat sem úlohy se zvířátky jen proto, že \"to je přece biologie\". Biologie je to až tehdy, když se zajímáme o chemické či fyzikální pochody uvnitř zvířátek, u kterých je zásadní právě to, že se odehrávají uvnitř zvířátek.'),
       (24, 24, 'cs', 'Nezařazeno', 'Úlohy, které nešlo zařadit do žádné z předchozích kategorií.'),
       (25, 1, 'en', 'Kinematics', NULL),
       (26, 2, 'en', 'Point mass dynamics', NULL),
       (27, 3, 'en', 'Rigid body dynamics', NULL),
       (28, 4, 'en', 'Stability', NULL),
       (29, 5, 'en', 'Fluid mechanics', NULL),
       (30, 6, 'en', 'Friction and drag', NULL),
       (31, 7, 'en', 'Elasticity', NULL),
       (32, 8, 'en', 'Oscillations', NULL),
       (33, 9, 'en', 'Acoustics', NULL),
       (34, 10, 'en', 'Thermodynamics', NULL),
       (35, 11, 'en', 'Probability and statistics', NULL),
       (36, 12, 'en', 'Geometrical optics', NULL),
       (37, 13, 'en', 'Physical optics', NULL),
       (38, 14, 'en', 'Radiation', NULL),
       (39, 15, 'en', 'Electrical circuits', NULL),
       (40, 16, 'en', 'Electrostatics', NULL),
       (41, 17, 'en', 'Electromagnetic field', NULL),
       (42, 18, 'en', 'Relativity', NULL),
       (43, 19, 'en', 'Nuclear and particle physics', NULL),
       (44, 20, 'en', 'Astronomy and astrophysics', NULL),
       (45, 21, 'en', 'Mathematics', NULL),
       (46, 22, 'en', 'Chemistry and quantum physics', NULL),
       (47, 23, 'en', 'Other natural science', NULL),
       (48, 24, 'en', 'Unclassified', NULL);
